ID,"First Name","Last Name",Email,Age,Gender,Phone,Username,Password,"Birth Date",Image,"Blood Group",Height,Weight,"Eye Color","Hair Color","Hair Type",IP,Address,City,State,"State Code","Postal Code",Country,"MAC Address",University,"Bank Card Expire","Bank Card Number","Bank Card Type",Currency,IBAN,"Company Name","Company Department","Company Title","Company Address","Company City","Company State","Company Postal Code","Company Country","Company Coordinates (Lat)","Company Coordinates (Lng)",EIN,SSN,"User Agent","Crypto Coin","Crypto Wallet","Crypto Network",Role
1,Emily,Johnson,emily.johnson@x.dummyjson.com,28,female,"+81 965-431-3024",emilys,emilyspass,1996-5-30,https://dummyjson.com/icon/emilys/128,O-,193.24,63.16,Green,Brown,Curly,42.48.100.32,"626 Main Street",Phoenix,Mississippi,MS,29112,"United States",47:fa:41:18:ec:eb,"University of Wisconsin--Madison",03/26,9289760655481815,Elo,CNY,YPUXISOBI7TTHPK2BR3HAIXL,"Dooley, Kozey and Cronin",Engineering,"Sales Manager","263 Tenth Street","San Francisco",Wisconsin,37657,"United States",71.814525,-161.150263,977-175,900-590-289,"Mozilla/5.0 (Macintosh; Intel Mac OS X 10_15_7) AppleWebKit/537.36 (KHTML, like Gecko) Chrome/96.0.4664.93 Safari/537.36",Bitcoin,0xb9fc2fe63b2a6c003f1c324c3bfa53259162181a,"Ethereum (ERC20)",admin
2,Michael,Williams,michael.williams@x.dummyjson.com,35,male,"+49 258-627-6644",michaelw,michaelwpass,1989-8-10,https://dummyjson.com/icon/michaelw/128,B+,186.22,76.32,Red,Green,Straight,12.13.116.142,"385 Fifth Street",Houston,Alabama,AL,38807,"United States",79:15:78:99:60:aa,"Ohio State University",02/27,6737807858721625,Elo,SEK,83IDT77FWYLCJVR8ISDACFH0,"Spinka - Dickinson",Support,"Support Specialist","395 Main Street","Los Angeles","New Hampshire",73442,"United States",79.098326,-119.624845,912-602,108-953-962,"Mozilla/5.0 (Windows NT 10.0; Win64; x64) AppleWebKit/537.36 (KHTML, like Gecko) Edge/97.0.1072.76 Safari/537.36",Bitcoin,0xb9fc2fe63b2a6c003f1c324c3bfa53259162181a,"Ethereum (ERC20)",admin
3,Sophia,Brown,sophia.brown@x.dummyjson.com,42,female,"+81 210-652-2785",sophiab,sophiabpass,1982-11-6,https://dummyjson.com/icon/sophiab/128,O-,177.72,52.6,Hazel,White,Wavy,214.225.51.195,"1642 Ninth Street",Washington,Alabama,AL,32822,"United States",12:a3:d3:6f:5c:5b,"Pepperdine University",04/25,7795895470082859,"Korean Express",SEK,90XYKT83LMM7AARZ8JN958JC,"Schiller - Zieme","Research and Development",Accountant,"1896 Washington Street",Dallas,Nevada,88511,"United States",20.086743,-34.577107,963-113,638-461-822,"Mozilla/5.0 (Windows NT 10.0; Win64; x64) AppleWebKit/537.36 (KHTML, like Gecko) Chrome/96.0.4664.45 Safari/537.36",Bitcoin,0xb9fc2fe63b2a6c003f1c324c3bfa53259162181a,"Ethereum (ERC20)",admin
4,James,Davis,james.davis@x.dummyjson.com,45,male,"+49 614-958-9364",jamesd,jamesdpass,1979-5-4,https://dummyjson.com/icon/jamesd/128,AB+,193.31,62.1,Amber,Blonde,Straight,101.118.131.66,"238 Jefferson Street",Seattle,Pennsylvania,PA,68354,"United States",10:7d:df:1f:97:58,"University of Southern California",05/29,5005519846254763,Mastercard,INR,7N7ZH1PJ8Q4WU1K965HQQR27,"Pagac and Sons",Support,"Research Analyst","1622 Lincoln Street","Fort Worth",Pennsylvania,27768,"United States",54.91193,-79.498328,904-810,116-951-314,"Mozilla/5.0 (Macintosh; Intel Mac OS X 10_15_7) AppleWebKit/537.36 (KHTML, like Gecko) Chrome/97.0.4692.99 Safari/537.36",Bitcoin,0xb9fc2fe63b2a6c003f1c324c3bfa53259162181a,"Ethereum (ERC20)",admin
5,Emma,Miller,emma.miller@x.dummyjson.com,30,female,"+91 759-776-1614",emmaj,emmajpass,1994-6-13,https://dummyjson.com/icon/emmaj/128,AB-,192.8,63.62,Green,White,Straight,224.126.22.183,"607 Fourth Street",Jacksonville,Colorado,CO,26593,"United States",32:b9:7e:8d:f5:e8,"Northeastern University",03/26,5772950119588627,"American Express",CAD,TAVHURD845KVBTB8W81AQXRY,"Graham - Gulgowski","Human Resources","Quality Assurance Engineer","1460 Sixth Street","San Antonio",Idaho,21965,"United States",44.346545,-26.944701,403-505,526-210-885,"Mozilla/5.0 (Windows NT 10.0; Win64; x64; rv:97.0) Gecko/20100101 Firefox/97.0",Bitcoin,0xb9fc2fe63b2a6c003f1c324c3bfa53259162181a,"Ethereum (ERC20)",admin
6,Olivia,Wilson,olivia.wilson@x.dummyjson.com,22,female,"+91 607-295-6448",oliviaw,oliviawpass,2002-4-20,https://dummyjson.com/icon/oliviaw/128,B+,182.61,58,Hazel,Gray,Curly,249.178.112.207,"547 First Street","Fort Worth",Tennessee,TN,83843,"United States",9c:7f:ea:34:18:19,"University of North Carolina--Chapel Hill",05/28,6771923832947881,"Diners Club International",BRL,V6H0O5OE3Q4JVKWDTYWZABMD,"Pfannerstill Inc","Product Management","Research Analyst","425 Sixth Street",Indianapolis,Oklahoma,74263,"United States",74.986644,-132.916888,921-709,836-772-168,"Mozilla/5.0 (Macintosh; Intel Mac OS X 10_15_7) AppleWebKit/605.1.15 (KHTML, like Gecko) Version/15.3 Safari/605.1.15",Bitcoin,0xb9fc2fe63b2a6c003f1c324c3bfa53259162181a,"Ethereum (ERC20)",moderator
7,Alexander,Jones,alexander.jones@x.dummyjson.com,38,male,"+61 260-824-4986",alexanderj,alexanderjpass,1986-10-20,https://dummyjson.com/icon/alexanderj/128,AB-,153.89,77.42,Blue,White,Straight,166.204.84.32,"664 Maple Street",Indianapolis,Delaware,DE,86684,"United States",d2:64:58:2d:1c:46,"University of Illinois--Urbana-Champaign",05/25,7344951706130140,JCB,EUR,49V4GVDVMP0MHIDD4VXMQ3A2,"Dickens - Beahan",Engineering,"Web Developer","996 Eighth Street",Washington,Kansas,27858,"United States",-75.462366,-128.025697,638-127,722-993-925,"Mozilla/5.0 (Macintosh; Intel Mac OS X 10_15_7) AppleWebKit/537.36 (KHTML, like Gecko) Chrome/95.0.4638.69 Safari/537.36",Bitcoin,0xb9fc2fe63b2a6c003f1c324c3bfa53259162181a,"Ethereum (ERC20)",moderator
8,Ava,Taylor,ava.taylor@x.dummyjson.com,27,female,"+1 458-853-7877",avat,avatpass,1997-8-25,https://dummyjson.com/icon/avat/128,AB-,168.47,57.08,Hazel,Red,Kinky,150.73.197.233,"1197 First Street","Fort Worth","Rhode Island",RI,24771,"United States",8d:2e:c2:d6:e7:a8,"University of Wisconsin--Madison",01/29,6412128967460199,Maestro,CNY,TS66YQ8R16OX7IJKLUONDQHP,"Nikolaus Inc",Marketing,"Chief Executive Officer","930 Lincoln Street",Austin,Colorado,47592,"United States",87.970083,-42.769351,297-762,257-419-109,"Mozilla/5.0 (Windows NT 10.0; Win64; x64) AppleWebKit/537.36 (KHTML, like Gecko) Chrome/96.0.4664.45 Safari/537.36",Bitcoin,0xb9fc2fe63b2a6c003f1c324c3bfa53259162181a,"Ethereum (ERC20)",moderator
9,Ethan,Martinez,ethan.martinez@x.dummyjson.com,33,male,"+92 933-608-5081",ethanm,ethanmpass,1991-2-12,https://dummyjson.com/icon/ethanm/128,AB+,159.19,68.81,Hazel,Purple,Curly,63.191.127.71,"466 Pine Street","San Antonio",Louisiana,LA,72360,"United States",59:e:9e:e3:29:da,"Syracuse University",02/25,7183482484317509,Visa,CAD,CW5U5KS23U7JYD22TVQL7SIH,"Gorczany - Gottlieb",Support,"Legal Counsel","1597 Oak Street",Chicago,Florida,28100,"United States",-67.45208,-23.209886,790-434,569-650-348,"Mozilla/5.0 (Windows NT 10.0; Win64; x64) AppleWebKit/537.36 (KHTML, like Gecko) Chrome/95.0.4638.69 Safari/537.36",Bitcoin,0xb9fc2fe63b2a6c003f1c324c3bfa53259162181a,"Ethereum (ERC20)",moderator
10,Isabella,Anderson,isabella.anderson@x.dummyjson.com,31,female,"+49 770-658-4885",isabellad,isabelladpass,1993-6-10,https://dummyjson.com/icon/isabellad/128,A-,150.56,50.1,Brown,Blonde,Curly,114.9.114.205,"1964 Oak Street","New York",Utah,UT,89352,"United States",b1:b0:d0:a2:82:80,"California Institute of Technology (Caltech)",05/27,6118714010128731,NPS,CNY,GBZRGDMKUOTO34HBCI7A986J,"Pollich - Hilpert",Marketing,"Chief Financial Officer","1029 Adams Street","San Diego",Maryland,63847,"United States",-25.843393,-62.692681,127-297,902-438-728,"Mozilla/5.0 (Macintosh; Intel Mac OS X 10_15_7) AppleWebKit/537.36 (KHTML, like Gecko) Chrome/96.0.4664.93 Safari/537.36",Bitcoin,0xb9fc2fe63b2a6c003f1c324c3bfa53259162181a,"Ethereum (ERC20)",moderator
11,Liam,Garcia,liam.garcia@x.dummyjson.com,29,male,"+92 870-217-6201",liamg,liamgpass,1995-6-6,https://dummyjson.com/icon/liamg/128,AB-,162.32,93.16,Violet,Red,Wavy,56.201.85.9,"576 Fifth Street",Denver,"South Dakota",SD,57252,"United States",31:9a:28:8b:99:6c,"Ohio State University",02/27,2302893002194899,Discover,GBP,O8ENPRB9UVBL2EFZ7601KC09,"Considine - Torp",Services,"Web Developer","27 Cedar Street",Philadelphia,Connecticut,79574,"United States",-81.841588,31.79423,326-604,933-784-949,"Mozilla/5.0 (Macintosh; Intel Mac OS X 10_15_7) AppleWebKit/537.36 (KHTML, like Gecko) Chrome/97.0.4692.99 Safari/537.36",Bitcoin,0xb9fc2fe63b2a6c003f1c324c3bfa53259162181a,"Ethereum (ERC20)",moderator
12,Mia,Rodriguez,mia.rodriguez@x.dummyjson.com,24,female,"+49 989-461-8403",miar,miarpass,2000-8-4,https://dummyjson.com/icon/miar/128,O-,188.08,56.03,Blue,Purple,Wavy,11.72.253.90,"1627 Sixth Street",Jacksonville,"West Virginia",WV,41810,"United States",53:d7:a4:6:1e:58,"William & Mary",05/26,1539872303456158,"Carte Bancaire",CAD,EBMD95RLK8B82ZAZNXBJ09V5,"Miller, Schowalter and Wisozk",Accounting,"Business Analyst","1039 Washington Street",Philadelphia,"New Jersey",57518,"United States",85.455933,164.246103,754-660,749-524-124,"Mozilla/5.0 (Macintosh; Intel Mac OS X 10_15_7) AppleWebKit/537.36 (KHTML, like Gecko) Chrome/95.0.4638.54 Safari/537.36",Bitcoin,0xb9fc2fe63b2a6c003f1c324c3bfa53259162181a,"Ethereum (ERC20)",moderator
13,Noah,Hernandez,noah.hernandez@x.dummyjson.com,40,male,"+49 393-605-6968",noahh,noahhpass,1984-6-5,https://dummyjson.com/icon/noahh/128,AB+,188.62,69.49,Brown,Red,Curly,169.154.126.57,"1413 Maple Street","New York","North Dakota",ND,73696,"United States",d4:fe:ae:8f:eb:a3,"New York University (NYU)",05/26,1681772579326385,Discover,SEK,G4UIZKIQVPJM9D31XQVR1E9Z,"Botsford, Marquardt and Roberts",Engineering,"Database Administrator","62 Third Street",Seattle,Oregon,83474,"United States",19.490447,-13.173207,877-628,660-847-389,"Mozilla/5.0 (Windows NT 10.0; Win64; x64) AppleWebKit/537.36 (KHTML, like Gecko) Chrome/95.0.4638.54 Safari/537.36",Bitcoin,0xb9fc2fe63b2a6c003f1c324c3bfa53259162181a,"Ethereum (ERC20)",moderator
14,Charlotte,Lopez,charlotte.lopez@x.dummyjson.com,36,female,"+44 373-953-5028",charlottem,charlottempass,1988-6-8,https://dummyjson.com/icon/charlottem/128,AB-,178.92,82.46,Brown,Gray,Kinky,119.103.95.60,"208 Second Street",Columbus,Ohio,OH,42044,"United States",f6:ff:37:aa:6c:f1,"Northeastern University",02/27,5675368650551956,Maestro,CNY,FKK6U634LGI3E7N517DLVVTL,"Zulauf and Sons",Accounting,"Chief Executive Officer","569 Jefferson Street","Los Angeles",Montana,17779,"United States",-18.371256,22.566258,364-782,255-491-479,"Mozilla/5.0 (Windows NT 10.0; Win64; x64) AppleWebKit/537.36 (KHTML, like Gecko) Chrome/96.0.4664.45 Safari/537.36",Bitcoin,0xb9fc2fe63b2a6c003f1c324c3bfa53259162181a,"Ethereum (ERC20)",moderator
15,William,Gonzalez,william.gonzalez@x.dummyjson.com,32,male,"+81 905-252-7319",williamg,williamgpass,1992-3-27,https://dummyjson.com/icon/williamg/128,B-,173.21,82.41,Hazel,Gray,Curly,250.2.241.204,"31 Maple Street","San Jose",Utah,UT,78243,"United States",f5:68:28:f9:ec:89,"Tufts University",03/27,6053000793215148,Mir,EUR,AR01SNDMKGECX0EYH7UCW61W,"Spinka - Dickinson",Marketing,"Software Architect","1538 Eighth Street","San Jose",Missouri,29673,"United States",24.169361,-29.395167,830-515,690-544-755,"Mozilla/5.0 (Macintosh; Intel Mac OS X 10_15_7) AppleWebKit/537.36 (KHTML, like Gecko) Chrome/96.0.4664.93 Safari/537.36",Bitcoin,0xb9fc2fe63b2a6c003f1c324c3bfa53259162181a,"Ethereum (ERC20)",moderator
16,Avery,Perez,avery.perez@x.dummyjson.com,25,female,"+61 731-431-3457",averyp,averyppass,1999-3-10,https://dummyjson.com/icon/averyp/128,O-,172.68,93.9,Brown,Green,Curly,131.217.4.214,"1125 First Street",Columbus,Iowa,IA,30973,"United States",b3:ff:f3:c5:37:46,"Harvard University",04/27,0961014686718571,"Carte Bancaire",USD,28JYZAY4KYT48YI8QW40PWXR,"Herzog Inc",Accounting,"Database Administrator","183 Maple Street","New York","Rhode Island",45238,"United States",-53.318189,105.835271,348-493,679-523-686,"Mozilla/5.0 (Macintosh; Intel Mac OS X 10_15_7) AppleWebKit/537.36 (KHTML, like Gecko) Chrome/95.0.4638.69 Safari/537.36",Bitcoin,0xb9fc2fe63b2a6c003f1c324c3bfa53259162181a,"Ethereum (ERC20)",user
17,Evelyn,Sanchez,evelyn.sanchez@x.dummyjson.com,37,female,"+1 623-880-6871",evelyns,evelynspass,1987-10-13,https://dummyjson.com/icon/evelyns/128,B+,184.08,83.15,Violet,Blue,Curly,87.114.135.146,"1170 Lincoln Street","San Diego",Wyoming,WY,43423,"United States",f8:e5:bd:43:bc:d8,"Washington University in St. Louis",04/29,4557521697420096,UnionPay,SEK,KN8XAPR2J5UB8AKDI1EVJ56R,"Predovic - Johns",Support,"Chief Financial Officer","1802 Ninth Street","San Diego",Minnesota,89416,"United States",29.034592,-78.004598,604-817,689-332-644,"Mozilla/5.0 (Macintosh; Intel Mac OS X 10_15_7) AppleWebKit/537.36 (KHTML, like Gecko) Chrome/96.0.4664.45 Safari/537.36",Bitcoin,0xb9fc2fe63b2a6c003f1c324c3bfa53259162181a,"Ethereum (ERC20)",user
18,Logan,Torres,logan.torres@x.dummyjson.com,31,male,"+81 507-434-8733",logant,logantpass,1993-10-26,https://dummyjson.com/icon/logant/128,A+,190.04,72.43,Green,Green,Curly,155.98.15.162,"907 Seventh Street",Columbus,Arkansas,AR,78805,"United States",40:d:5c:1:7d:bf,"University of Illinois--Urbana-Champaign",05/26,7884268130452098,UnionPay,NZD,HZM7V9PYHPZBN72IDFPXGN8Q,"Jast - Nader",Training,"Data Analyst","947 Main Street",Denver,Minnesota,71896,"United States",-24.654063,-147.255268,576-218,806-639-934,"Mozilla/5.0 (Macintosh; Intel Mac OS X 10_15_7) AppleWebKit/537.36 (KHTML, like Gecko) Chrome/96.0.4664.45 Safari/537.36",Bitcoin,0xb9fc2fe63b2a6c003f1c324c3bfa53259162181a,"Ethereum (ERC20)",user
19,Abigail,Rivera,abigail.rivera@x.dummyjson.com,28,female,"+91 228-363-7806",abigailr,abigailrpass,1996-10-11,https://dummyjson.com/icon/abigailr/128,B+,186.39,74.61,Violet,Blue,Kinky,19.183.240.94,"996 Oak Street",Chicago,"New Mexico",NM,11407,"United States",1d:a6:58:2a:e5:e4,"California Institute of Technology (Caltech)",02/28,4832361886407551,RuPay,BRL,O02LHDNNFCVSM6D4H81DIQHE,"Prohaska - Thiel","Human Resources","Business Analyst","1402 Adams Street",Austin,Wisconsin,51456,"United States",25.672938,-76.54967,173-637,655-823-929,"Mozilla/5.0 (Windows NT 10.0; Win64; x64) AppleWebKit/537.36 (KHTML, like Gecko) Edge/97.0.1072.76 Safari/537.36",Bitcoin,0xb9fc2fe63b2a6c003f1c324c3bfa53259162181a,"Ethereum (ERC20)",user
20,Jackson,Evans,jackson.evans@x.dummyjson.com,34,male,"+44 468-628-6686",jacksone,jacksonepass,1990-11-30,https://dummyjson.com/icon/jacksone/128,O-,162.57,74.37,Green,Red,Straight,221.127.144.198,"1873 Main Street","New York",Arkansas,AR,26600,"United States",81:14:1:97:88:85,"Ohio State University",04/26,2109192842527801,"BC Card",EUR,TX26FO9B7YR2VHYDSJBE32AX,"Kuhlman LLC",Legal,"Web Developer","1706 First Street",Chicago,Hawaii,34725,"United States",-80.416937,-83.224516,843-260,248-787-886,"Mozilla/5.0 (Macintosh; Intel Mac OS X 10_15_7) AppleWebKit/537.36 (KHTML, like Gecko) Chrome/97.0.4692.99 Safari/537.36",Bitcoin,0xb9fc2fe63b2a6c003f1c324c3bfa53259162181a,"Ethereum (ERC20)",user
21,Madison,Collins,madison.collins@x.dummyjson.com,26,female,"+81 259-957-5711",madisonc,madisoncpass,1998-3-7,https://dummyjson.com/icon/madisonc/128,B-,189.28,56.96,Red,Gray,Curly,85.34.1.204,"1892 Lincoln Street",Philadelphia,"New Jersey",NJ,62091,"United States",13:b0:d0:23:4d:26,"University of Pennsylvania",04/28,5549175461210252,Mir,CNY,Y0WSN5IED255808SIYBUOMWO,"Mayer - Smitham",Engineering,"Chief Technology Officer","1438 Main Street","San Diego",Delaware,63144,"United States",1.629613,23.232982,716-166,457-258-950,"Mozilla/5.0 (Macintosh; Intel Mac OS X 10_15_7) AppleWebKit/537.36 (KHTML, like Gecko) Chrome/97.0.4692.99 Safari/537.36",Bitcoin,0xb9fc2fe63b2a6c003f1c324c3bfa53259162181a,"Ethereum (ERC20)",user
22,Elijah,Stewart,elijah.stewart@x.dummyjson.com,33,male,"+44 468-357-7872",elijahs,elijahspass,1991-10-22,https://dummyjson.com/icon/elijahs/128,A-,195.33,81.64,Blue,Purple,Straight,23.87.135.62,"1701 Eighth Street",Columbus,Illinois,IL,31585,"United States",75:17:c6:35:fc:6d,"Georgetown University",05/27,0798116671286564,JCB,GBP,E1XUHCC1N39WGU6XESSK1CAO,"Langworth Group",Legal,"Business Analyst","155 Ninth Street",Washington,"South Dakota",19039,"United States",61.279254,-12.607767,520-394,287-380-801,"Mozilla/5.0 (Macintosh; Intel Mac OS X 10_15_7) AppleWebKit/537.36 (KHTML, like Gecko) Chrome/96.0.4664.93 Safari/537.36",Bitcoin,0xb9fc2fe63b2a6c003f1c324c3bfa53259162181a,"Ethereum (ERC20)",user
23,Chloe,Morales,chloe.morales@x.dummyjson.com,39,female,"+92 468-541-7133",chloem,chloempass,1985-4-21,https://dummyjson.com/icon/chloem/128,O+,185.07,63.97,Brown,Red,Kinky,66.78.20.21,"401 Fourth Street",Dallas,"New Jersey",NJ,54972,"United States",fc:f:29:e1:37:b8,"Syracuse University",05/28,3150496938377346,"American Express",PKR,P7YLGOOBWBD1SRWDWSFO3PZ0,"Grady LLC",Sales,"Database Administrator","269 Third Street",Houston,"North Carolina",10385,"United States",40.098115,-1.762972,913-597,938-883-163,"Mozilla/5.0 (Windows NT 10.0; Win64; x64) AppleWebKit/537.36 (KHTML, like Gecko) Chrome/96.0.4664.93 Safari/537.36",Bitcoin,0xb9fc2fe63b2a6c003f1c324c3bfa53259162181a,"Ethereum (ERC20)",user
24,Mateo,Nguyen,mateo.nguyen@x.dummyjson.com,30,male,"+1 341-597-6694",mateon,mateonpass,1994-6-2,https://dummyjson.com/icon/mateon/128,O+,174.29,59.98,Red,Purple,Wavy,192.57.144.7,"1578 Fourth Street",Columbus,Missouri,MO,20673,"United States",a7:26:10:7a:36:29,"Columbia University",03/26,5545852224851851,JCB,TRY,WEBE9SBX588VFUCVCA6KFHWB,"Spinka LLC",Accounting,"Business Analyst","1967 Jefferson Street",Dallas,Louisiana,78527,"United States",75.982676,164.459743,229-249,416-877-230,"Mozilla/5.0 (Windows NT 10.0; Win64; x64) AppleWebKit/537.36 (KHTML, like Gecko) Chrome/95.0.4638.69 Safari/537.36",Bitcoin,0xb9fc2fe63b2a6c003f1c324c3bfa53259162181a,"Ethereum (ERC20)",user
25,Harper,Kelly,harper.kelly@x.dummyjson.com,27,female,"+92 518-863-2863",harpere,harperepass,1997-3-3,https://dummyjson.com/icon/harpere/128,AB-,184.32,81.69,Amber,Red,Curly,174.111.61.162,"1591 Adams Street",Philadelphia,"New York",NY,69521,"United States",b:ff:33:67:94:e4,"Boston College",04/26,1298153007505587,RuPay,JPY,DJI19LCUNUHP6YSGPY52D5VG,"Leffler, Rolfson and Becker",Legal,"Business Development Manager","16 Maple Street",Austin,"North Carolina",68274,"United States",-15.423746,149.298887,592-557,209-544-548,"Mozilla/5.0 (Macintosh; Intel Mac OS X 10_15_7) AppleWebKit/537.36 (KHTML, like Gecko) Chrome/97.0.4692.99 Safari/537.36",Bitcoin,0xb9fc2fe63b2a6c003f1c324c3bfa53259162181a,"Ethereum (ERC20)",user
26,Evelyn,Gonzalez,evelyn.gonzalez@x.dummyjson.com,35,female,"+61 708-508-4638",evelyng,evelyngpass,1989-2-5,https://dummyjson.com/icon/evelyng/128,O+,168.94,58.47,Red,Black,Wavy,42.52.74.232,"1065 Lincoln Street",Dallas,Maine,ME,84898,"United States",89:5e:5a:2a:72:42,"Washington University in St. Louis",03/28,9584313788145560,RuPay,INR,X4UPULQG61VIGA97USY7AAEB,"Tromp, Gaylord and Weber",Accounting,"Project Manager","584 Ninth Street",Jacksonville,Wisconsin,45633,"United States",26.014021,40.572436,569-275,487-680-127,"Mozilla/5.0 (Windows NT 10.0; Win64; x64) AppleWebKit/537.36 (KHTML, like Gecko) Chrome/95.0.4638.54 Safari/537.36",Bitcoin,0xb9fc2fe63b2a6c003f1c324c3bfa53259162181a,"Ethereum (ERC20)",user
27,Daniel,Cook,daniel.cook@x.dummyjson.com,41,male,"+44 254-761-6843",danielc,danielcpass,1983-12-25,https://dummyjson.com/icon/danielc/128,AB+,186.21,83.72,Brown,Blonde,Curly,1.61.73.142,"1163 Pine Street","Los Angeles",Nevada,NV,58781,"United States",6e:73:dc:3a:85:10,"Columbia University",01/26,8452555751345228,"Korean Express",NZD,A8DBPECO4X6D09WYOVT8UZK8,"Morissette, Baumbach and Auer",Support,"Legal Counsel","938 Fifth Street","San Francisco","South Dakota",45305,"United States",21.323588,-83.531427,585-905,645-515-583,"Mozilla/5.0 (Windows NT 10.0; Win64; x64; rv:97.0) Gecko/20100101 Firefox/97.0",Bitcoin,0xb9fc2fe63b2a6c003f1c324c3bfa53259162181a,"Ethereum (ERC20)",user
28,Lily,Lee,lily.lee@x.dummyjson.com,29,female,"+1 808-757-9867",lilyb,lilybpass,1995-12-3,https://dummyjson.com/icon/lilyb/128,AB-,181.42,51.49,Gray,Purple,Straight,67.184.255.96,"1946 Oak Street",Phoenix,Massachusetts,MA,41540,"United States",18:b6:c7:a:50:3f,"Johns Hopkins University",05/29,2903637820228856,Visa,JPY,BKX6ZWB8UJZD09RFOWFPPD3C,"Cremin Inc","Product Management","Quality Assurance Engineer","1735 Cedar Street",Phoenix,Wyoming,85797,"United States",72.231441,-158.147245,229-776,358-185-671,"Mozilla/5.0 (Windows NT 10.0; Win64; x64) AppleWebKit/537.36 (KHTML, like Gecko) Edge/97.0.1072.76 Safari/537.36",Bitcoin,0xb9fc2fe63b2a6c003f1c324c3bfa53259162181a,"Ethereum (ERC20)",user
29,Henry,Hill,henry.hill@x.dummyjson.com,38,male,"+1 240-833-4680",henryh,henryhpass,1986-8-19,https://dummyjson.com/icon/henryh/128,O-,180.25,95.84,Gray,Black,Straight,194.43.55.202,"1837 Maple Street",Indianapolis,Delaware,DE,81783,"United States",fa:c3:1b:21:5f:44,"University of Illinois--Urbana-Champaign",02/26,7262597174206766,"Diners Club International",SEK,7N3JP8KN9AUNXOWRQGAU2JX6,"Gerlach, Funk and Schoen",Services,"Sales Manager","1651 Lincoln Street","San Francisco","West Virginia",61805,"United States",-59.936335,-12.405368,118-957,925-686-100,"Mozilla/5.0 (Windows NT 10.0; Win64; x64) AppleWebKit/537.36 (KHTML, like Gecko) Chrome/96.0.4664.93 Safari/537.36",Bitcoin,0xb9fc2fe63b2a6c003f1c324c3bfa53259162181a,"Ethereum (ERC20)",user
30,Addison,Wright,addison.wright@x.dummyjson.com,32,female,"+1 514-384-3300",addisonw,addisonwpass,1992-1-3,https://dummyjson.com/icon/addisonw/128,B+,179.32,76.93,Brown,Blonde,Straight,11.35.69.81,"568 Tenth Street","San Francisco",Montana,MT,54698,"United States",fb:0:94:21:16:c,"Syracuse University",05/28,3756638438861539,"Carte Bancaire",JPY,OOPQTNZ74OLPKVT7TGB89UQL,"Kreiger Inc",Services,"Human Resources Manager","1173 Eighth Street","San Diego",Michigan,85777,"United States",65.324413,87.142893,415-286,804-492-390,"Mozilla/5.0 (Macintosh; Intel Mac OS X 10_15_7) AppleWebKit/537.36 (KHTML, like Gecko) Chrome/96.0.4664.93 Safari/537.36",Bitcoin,0xb9fc2fe63b2a6c003f1c324c3bfa53259162181a,"Ethereum (ERC20)",user
